instance_folder,noise_factor,method,time_limit,feasibility,obj,time_offline,time_online,start_times,real_durations
j10,1,proactive_quantile_0.9,600,False,inf,0.07571864128112793,inf,"[0, 0, 0, 12, 1, 9, 17, 14, 25, 25, 14, 0, 0, 0, 0, 0, 0, 0, 0, 0, 69]","""[0, 1, 2, 2, 7, 3, 6, 2, 6, 4, 5, 70, 66, 45, 53, 15, 50, 37, 70, 33, 0]"""
j10,1,reactive,600,False,inf,inf,inf,null,"[0, 1, 2, 2, 7, 3, 6, 2, 6, 4, 5, 70, 66, 45, 53, 15, 50, 37, 70, 33, 0]"
j10,1,stnu,600,True,32,0.46695685386657715,0.0078029632568359375,"[0, 0, 0, 2, 7, 9, 11, 11, 21, 18, 11, 0, 0, 0, 0, 0, 0, 0, 0, 0, 32]","""[0, 7, 2, 9, 2, 2, 10, 5, 11, 6, 7, 70, 66, 45, 53, 15, 50, 37, 70, 33, 0]"""
j10,1,proactive_quantile_0.9,600,False,inf,0.06270432472229004,inf,"[0, 0, 0, 12, 1, 9, 17, 14, 25, 25, 14, 0, 0, 0, 0, 0, 0, 0, 0, 0, 69]","""[0, 2, 2, 2, 8, 2, 6, 3, 8, 4, 5, 70, 66, 45, 53, 15, 50, 37, 70, 33, 0]"""
j10,1,reactive,600,False,inf,inf,inf,null,"[0, 2, 2, 2, 8, 2, 6, 3, 8, 4, 5, 70, 66, 45, 53, 15, 50, 37, 70, 33, 0]"
j10,1,stnu,600,True,28,0.5150146484375,0.009495735168457031,"[0, 0, 0, 2, 7, 9, 11, 11, 20, 14, 8, 0, 0, 0, 0, 0, 0, 0, 0, 0, 28]","""[0, 7, 2, 6, 2, 2, 9, 7, 8, 3, 6, 70, 66, 45, 53, 15, 50, 37, 70, 33, 0]"""
j10,1,proactive_quantile_0.9,600,False,inf,0.062076568603515625,inf,"[0, 0, 0, 12, 1, 9, 17, 14, 25, 25, 14, 0, 0, 0, 0, 0, 0, 0, 0, 0, 69]","""[0, 2, 1, 2, 10, 4, 7, 2, 9, 3, 6, 70, 66, 45, 53, 15, 50, 37, 70, 33, 0]"""
j10,1,reactive,600,False,inf,inf,inf,null,"[0, 2, 1, 2, 10, 4, 7, 2, 9, 3, 6, 70, 66, 45, 53, 15, 50, 37, 70, 33, 0]"
