instance_folder,noise_factor,method,time_limit,feasibility,obj,time_offline,time_online,start_times,real_durations
j10,1,proactive_quantile_0.5,600,False,inf,0.07663631439208984,inf,"[0, 0, 0, 2, 1, 2, 6, 6, 11, 6, 6, 0, 0, 0, 0, 0, 0, 0, 0, 0, 69]","""[0, 1, 1, 1, 2, 3, 4, 1, 8, 6, 2, 70, 66, 45, 53, 53, 46, 36, 35, 30, 0]"""
j10,1,reactive,600,False,inf,inf,inf,null,"[0, 1, 1, 1, 2, 3, 4, 1, 8, 6, 2, 70, 66, 45, 53, 53, 46, 36, 35, 30, 0]"
j10,1,stnu,600,True,20,0.5676612854003906,0.013811826705932617,"[0, 0, 0, 3, 1, 3, 6, 6, 12, 6, 6, 0, 0, 0, 0, 0, 0, 0, 0, 0, 20]","""[0, 1, 1, 1, 2, 3, 4, 1, 8, 6, 2, 70, 66, 45, 53, 53, 46, 36, 35, 30, 0]"""
j10,1,proactive_quantile_0.5,600,False,inf,0.07955074310302734,inf,"[0, 0, 0, 2, 1, 2, 6, 6, 11, 6, 6, 0, 0, 0, 0, 0, 0, 0, 0, 0, 69]","""[0, 1, 1, 1, 2, 3, 2, 1, 7, 5, 3, 70, 66, 45, 53, 53, 46, 36, 35, 30, 0]"""
j10,1,reactive,600,False,inf,inf,inf,null,"[0, 1, 1, 1, 2, 3, 2, 1, 7, 5, 3, 70, 66, 45, 53, 53, 46, 36, 35, 30, 0]"
j10,1,stnu,600,True,18,0.7224998474121094,0.028922080993652344,"[0, 0, 0, 3, 1, 3, 6, 6, 11, 6, 6, 0, 0, 0, 0, 0, 0, 0, 0, 0, 18]","""[0, 1, 1, 1, 2, 3, 2, 1, 7, 5, 3, 70, 66, 45, 53, 53, 46, 36, 35, 30, 0]"""
j10,1,proactive_quantile_0.5,600,True,18,0.05704784393310547,0.0013670921325683594,"[0, 0, 0, 2, 1, 2, 6, 6, 11, 6, 6, 0, 0, 0, 0, 0, 0, 0, 0, 0, 69]","""[0, 1, 1, 1, 1, 4, 3, 1, 4, 7, 4, 70, 66, 45, 53, 53, 46, 36, 35, 30, 0]"""
