instance_folder,noise_factor,method,time_limit,feasibility,obj,time_offline,time_online,start_times,real_durations
j10,1,proactive_quantile_0.25,600,False,inf,0.058950185775756836,inf,"[0, 0, 0, 0, 0, 0, 4, 2, 8, 2, 1, 0, 0, 0, 0, 0, 0, 0, 0, 0, 69]","""[0, 1, 1, 1, 1, 3, 5, 3, 7, 3, 6, 70, 66, 45, 53, 53, 46, 36, 35, 30, 0]"""
j10,1,proactive_quantile_0.25,600,False,inf,0.05839347839355469,inf,"[0, 0, 0, 0, 0, 0, 4, 2, 8, 2, 1, 0, 0, 0, 0, 0, 0, 0, 0, 0, 69]","""[0, 1, 1, 1, 1, 3, 5, 3, 7, 3, 6, 70, 66, 45, 53, 53, 46, 36, 35, 30, 0]"""
j10,1,stnu,600,False,66,0.5009064674377441,0.007983684539794922,"[0, 0, 0, 0, 1, 2, 5, 5, 15, 5, 1, 0, 0, 0, 0, 0, 0, 0, 0, 0, 24]","""[0, 1, 1, 1, 1, 3, 10, 2, 9, 5, 6, 70, 66, 45, 53, 53, 46, 36, 35, 30, 0]"""
