instance_folder,noise_factor,method,time_limit,feasibility,obj,time_offline,time_online,start_times,real_durations
j10,1,proactive_quantile_0.9,600,False,inf,0.0688173770904541,inf,"[0, 0, 0, 1, 1, 11, 15, 15, 25, 15, 11, 0, 0, 0, 0, 0, 0, 0, 0, 0, 69]","""[0, 2, 1, 9, 13, 5, 8, 4, 12, 7, 8, 70, 66, 45, 53, 53, 46, 36, 35, 30, 0]"""
j10,1,reactive,600,False,inf,inf,inf,null,"[0, 2, 1, 9, 13, 5, 8, 4, 12, 7, 8, 70, 66, 45, 53, 53, 46, 36, 35, 30, 0]"
j10,1,stnu,600,True,20,0.6266894340515137,0.009973764419555664,"[0, 0, 0, 4, 2, 4, 9, 9, 16, 9, 9, 0, 0, 0, 0, 0, 0, 0, 0, 0, 20]","""[0, 2, 1, 1, 2, 5, 6, 2, 4, 7, 2, 70, 66, 45, 53, 53, 46, 36, 35, 30, 0]"""
j10,1,proactive_quantile_0.9,600,False,inf,0.06607961654663086,inf,"[0, 0, 0, 2, 1, 2, 6, 6, 11, 6, 6, 0, 0, 0, 0, 0, 0, 0, 0, 0, 69]","""[0, 1, 2, 1, 2, 3, 6, 2, 8, 3, 4, 70, 66, 45, 53, 53, 46, 36, 35, 30, 0]"""
j10,1,reactive,600,False,inf,inf,inf,null,"[0, 1, 2, 1, 2, 3, 6, 2, 8, 3, 4, 70, 66, 45, 53, 53, 46, 36, 35, 30, 0]"
j10,1,stnu,600,True,21,0.47414708137512207,0.008975982666015625,"[0, 0, 0, 4, 2, 4, 7, 7, 13, 7, 7, 0, 0, 0, 0, 0, 0, 0, 0, 0, 21]","""[0, 1, 2, 1, 2, 3, 6, 2, 8, 3, 4, 70, 66, 45, 53, 53, 46, 36, 35, 30, 0]"""
j10,1,proactive_quantile_0.9,600,False,inf,0.06173515319824219,inf,"[0, 0, 0, 2, 1, 2, 6, 6, 11, 6, 6, 0, 0, 0, 0, 0, 0, 0, 0, 0, 69]","""[0, 1, 1, 1, 2, 3, 3, 3, 6, 7, 2, 70, 66, 45, 53, 53, 46, 36, 35, 30, 0]"""
j10,1,reactive,600,False,inf,inf,inf,null,"[0, 1, 1, 1, 2, 3, 3, 3, 6, 7, 2, 70, 66, 45, 53, 53, 46, 36, 35, 30, 0]"
