instance_folder,noise_factor,method,time_limit,feasibility,obj,time_offline,time_online,start_times,real_durations
j10,1,proactive_robust,600,False,inf,0.06963539123535156,inf,"[0, 0, 0, 2, 7, 9, 13, 13, 24, 20, 13, 0, 0, 0, 0, 0, 0, 0, 0, 0, 70]","""[0, 8, 1, 7, 1, 2, 13, 9, 6, 5, 8, 70, 66, 45, 53, 15, 50, 37, 70, 33, 0]"""
j10,1,reactive,600,False,inf,inf,inf,null,"[0, 8, 1, 7, 1, 2, 13, 9, 6, 5, 8, 70, 66, 45, 53, 15, 50, 37, 70, 33, 0]"
j10,1,stnu,600,True,30,0.44681882858276367,0.007983684539794922,"[0, 0, 0, 1, 8, 9, 11, 11, 24, 16, 8, 0, 0, 0, 0, 0, 0, 0, 0, 0, 30]","""[0, 8, 1, 7, 1, 2, 13, 9, 6, 5, 8, 70, 66, 45, 53, 15, 50, 37, 70, 33, 0]"""
j10,1,proactive_robust,600,False,inf,0.06482553482055664,inf,"[0, 0, 0, 2, 7, 9, 13, 13, 24, 20, 13, 0, 0, 0, 0, 0, 0, 0, 0, 0, 70]","""[0, 3, 2, 11, 2, 3, 12, 8, 10, 4, 8, 70, 66, 45, 53, 15, 50, 37, 70, 33, 0]"""
j10,1,reactive,600,False,inf,inf,inf,null,"[0, 3, 2, 11, 2, 3, 12, 8, 10, 4, 8, 70, 66, 45, 53, 15, 50, 37, 70, 33, 0]"
j10,1,stnu,600,True,35,0.4871499538421631,0.00997471809387207,"[0, 0, 0, 2, 3, 5, 13, 8, 25, 21, 13, 0, 0, 0, 0, 0, 0, 0, 0, 0, 35]","""[0, 3, 2, 11, 2, 3, 12, 8, 10, 4, 8, 70, 66, 45, 53, 15, 50, 37, 70, 33, 0]"""
j10,1,proactive_robust,600,False,inf,0.06258368492126465,inf,"[0, 0, 0, 2, 7, 9, 13, 13, 24, 20, 13, 0, 0, 0, 0, 0, 0, 0, 0, 0, 70]","""[0, 6, 2, 7, 2, 3, 12, 6, 9, 2, 8, 70, 66, 45, 53, 15, 50, 37, 70, 33, 0]"""
j10,1,reactive,600,False,inf,inf,inf,null,"[0, 6, 2, 7, 2, 3, 12, 6, 9, 2, 8, 70, 66, 45, 53, 15, 50, 37, 70, 33, 0]"
