instance_folder,noise_factor,method,time_limit,feasibility,obj,time_offline,time_online,start_times,real_durations
j10,1,proactive_quantile_0.9,600,False,inf,0.07387733459472656,inf,"[0, 0, 0, 2, 1, 2, 6, 6, 11, 6, 6, 0, 0, 0, 0, 0, 0, 0, 0, 0, 69]","""[0, 2, 2, 1, 1, 4, 2, 2, 5, 3, 6, 70, 66, 45, 53, 53, 46, 36, 35, 30, 0]"""
j10,1,reactive,600,False,inf,inf,inf,null,"[0, 2, 2, 1, 1, 4, 2, 2, 5, 3, 6, 70, 66, 45, 53, 53, 46, 36, 35, 30, 0]"
j10,1,stnu,600,True,18,0.46677613258361816,0.008960485458374023,"[0, 0, 0, 3, 2, 3, 7, 7, 13, 7, 7, 0, 0, 0, 0, 0, 0, 0, 0, 0, 18]","""[0, 2, 2, 1, 1, 4, 2, 2, 5, 3, 6, 70, 66, 45, 53, 53, 46, 36, 35, 30, 0]"""
j10,1,proactive_quantile_0.9,600,False,inf,0.06981277465820312,inf,"[0, 0, 0, 1, 1, 11, 15, 15, 25, 15, 11, 0, 0, 0, 0, 0, 0, 0, 0, 0, 69]","""[0, 1, 2, 8, 7, 6, 9, 7, 12, 4, 5, 70, 66, 45, 53, 53, 46, 36, 35, 30, 0]"""
j10,1,reactive,600,False,inf,inf,inf,null,"[0, 1, 2, 8, 7, 6, 9, 7, 12, 4, 5, 70, 66, 45, 53, 53, 46, 36, 35, 30, 0]"
