instance_folder,noise_factor,method,time_limit,feasibility,obj,time_offline,time_online,start_times,real_durations
j10,1,proactive_quantile_0.9,600,False,inf,0.07432007789611816,inf,"[0, 0, 0, 1, 1, 11, 15, 15, 25, 15, 11, 0, 0, 0, 0, 0, 0, 0, 0, 0, 69]","""[0, 2, 1, 11, 6, 2, 13, 7, 8, 6, 3, 70, 66, 45, 53, 53, 46, 36, 35, 30, 0]"""
j10,1,reactive,600,False,inf,inf,inf,null,"[0, 2, 1, 11, 6, 2, 13, 7, 8, 6, 3, 70, 66, 45, 53, 53, 46, 36, 35, 30, 0]"
j10,1,stnu,600,True,17,0.45818066596984863,0.007978677749633789,"[0, 0, 0, 3, 2, 3, 5, 5, 11, 5, 5, 0, 0, 0, 0, 0, 0, 0, 0, 0, 17]","""[0, 2, 1, 2, 1, 2, 4, 3, 6, 6, 4, 70, 66, 45, 53, 53, 46, 36, 35, 30, 0]"""
j10,1,proactive_quantile_0.9,600,False,inf,0.06682014465332031,inf,"[0, 0, 0, 2, 1, 2, 6, 6, 11, 6, 6, 0, 0, 0, 0, 0, 0, 0, 0, 0, 69]","""[0, 1, 1, 1, 2, 2, 2, 1, 6, 2, 5, 70, 66, 45, 53, 53, 46, 36, 35, 30, 0]"""
j10,1,reactive,600,False,inf,inf,inf,null,"[0, 1, 1, 1, 2, 2, 2, 1, 6, 2, 5, 70, 66, 45, 53, 53, 46, 36, 35, 30, 0]"
