instance_folder,noise_factor,method,time_limit,feasibility,obj,time_offline,time_online,start_times,real_durations
j10,1,proactive_quantile_0.9,600,False,inf,0.0809941291809082,inf,"[0, 0, 0, 1, 1, 11, 15, 15, 25, 15, 11, 0, 0, 0, 0, 0, 0, 0, 0, 0, 69]","""[0, 1, 1, 9, 13, 2, 13, 8, 12, 2, 7, 70, 66, 45, 53, 53, 46, 36, 35, 30, 0]"""
j10,1,reactive,600,False,inf,inf,inf,null,"[0, 1, 1, 9, 13, 2, 13, 8, 12, 2, 7, 70, 66, 45, 53, 53, 46, 36, 35, 30, 0]"
j10,1,stnu,600,True,17,0.43206048011779785,0.00999903678894043,"[0, 0, 0, 3, 1, 3, 5, 5, 9, 5, 5, 0, 0, 0, 0, 0, 0, 0, 0, 0, 17]","""[0, 1, 1, 2, 2, 2, 2, 2, 8, 2, 4, 70, 66, 45, 53, 53, 46, 36, 35, 30, 0]"""
j10,1,proactive_quantile_0.9,600,False,inf,0.059839487075805664,inf,"[0, 0, 0, 2, 1, 2, 6, 6, 11, 6, 6, 0, 0, 0, 0, 0, 0, 0, 0, 0, 69]","""[0, 2, 2, 1, 1, 4, 3, 1, 4, 3, 2, 70, 66, 45, 53, 53, 46, 36, 35, 30, 0]"""
j10,1,reactive,600,False,inf,inf,inf,null,"[0, 2, 2, 1, 1, 4, 3, 1, 4, 3, 2, 70, 66, 45, 53, 53, 46, 36, 35, 30, 0]"
