instance_folder,noise_factor,method,time_limit,feasibility,obj,time_offline,time_online,start_times,real_durations
j10,1,proactive_robust,600,True,34,0.07520174980163574,0.0,"[0, 0, 0, 2, 7, 9, 13, 13, 24, 20, 13, 0, 0, 0, 0, 0, 0, 0, 0, 0, 70]","""[0, 3, 1, 10, 1, 3, 9, 6, 9, 3, 5, 70, 66, 45, 53, 15, 50, 37, 70, 33, 0]"""
j10,1,reactive,600,True,33,0.07520174980163574,0.16438722610473633,"[0, 0, 0, 2, 7, 9, 13, 13, 24, 20, 13, 0, 0, 0, 0, 0, 0, 0, 0, 0, 33]","[0, 3, 1, 10, 1, 3, 9, 6, 9, 3, 5, 70, 66, 45, 53, 15, 50, 37, 70, 33, 0]"
