instance_folder,noise_factor,method,time_limit,feasibility,obj,time_offline,time_online,start_times,real_durations
j10,1,proactive_robust,600,True,23,0.09423422813415527,0.003994464874267578,"[0, 0, 0, 4, 2, 4, 9, 9, 15, 9, 9, 0, 0, 0, 0, 0, 0, 0, 0, 0, 70]","""[0, 1, 2, 2, 1, 3, 7, 1, 5, 6, 6, 70, 66, 45, 53, 53, 46, 36, 35, 30, 0]"""
j10,1,reactive,600,False,inf,inf,inf,null,"[0, 1, 2, 2, 1, 3, 7, 1, 5, 6, 6, 70, 66, 45, 53, 53, 46, 36, 35, 30, 0]"
j10,1,stnu,600,True,18,0.45959019660949707,0.008975982666015625,"[0, 0, 0, 3, 2, 3, 6, 6, 13, 6, 6, 0, 0, 0, 0, 0, 0, 0, 0, 0, 18]","""[0, 1, 2, 2, 1, 3, 7, 1, 5, 6, 6, 70, 66, 45, 53, 53, 46, 36, 35, 30, 0]"""
j10,1,proactive_robust,600,True,23,0.06720709800720215,0.0019788742065429688,"[0, 0, 0, 4, 2, 4, 9, 9, 15, 9, 9, 0, 0, 0, 0, 0, 0, 0, 0, 0, 70]","""[0, 2, 1, 2, 2, 2, 2, 3, 6, 4, 6, 70, 66, 45, 53, 53, 46, 36, 35, 30, 0]"""
j10,1,reactive,600,False,inf,0.06720709800720215,0.11212587356567383,"[0, 0, 0, 4, 2, 4, 9, 9, 15, 9, 9, 0, 0, 0, 0, 0, 0, 0, 0, 0, 0]","[0, 2, 1, 2, 2, 2, 2, 3, 6, 4, 6, 70, 66, 45, 53, 53, 46, 36, 35, 30, 0]"
