instance_folder,noise_factor,method,time_limit,feasibility,obj,time_offline,time_online,start_times,real_durations
j10,1,proactive_quantile_0.9,600,True,34,0.21458983421325684,0.0009965896606445312,"[0, 0, 0, 1, 1, 11, 15, 15, 25, 15, 11, 0, 0, 0, 0, 0, 0, 0, 0, 0, 69]","""[0, 1, 1, 10, 10, 4, 10, 7, 9, 5, 6, 70, 66, 45, 53, 53, 46, 36, 35, 30, 0]"""
j10,1,reactive,600,True,34,0.21458983421325684,0.0,"[0, 0, 0, 1, 1, 11, 15, 15, 25, 15, 11, 0, 0, 0, 0, 0, 0, 0, 0, 0, 69]","[0, 1, 1, 10, 10, 4, 10, 7, 9, 5, 6, 70, 66, 45, 53, 53, 46, 36, 35, 30, 0]"
j10,1,stnu,600,True,18,0.6918215751647949,0.008994102478027344,"[0, 0, 0, 2, 1, 2, 6, 6, 11, 6, 6, 0, 0, 0, 0, 0, 0, 0, 0, 0, 18]","""[0, 1, 1, 1, 1, 4, 5, 2, 7, 5, 4, 70, 66, 45, 53, 53, 46, 36, 35, 30, 0]"""
j10,1,proactive_quantile_0.9,600,True,34,0.07181954383850098,0.0,"[0, 0, 0, 1, 1, 11, 15, 15, 25, 15, 11, 0, 0, 0, 0, 0, 0, 0, 0, 0, 69]","""[0, 1, 1, 10, 10, 4, 10, 7, 9, 5, 6, 70, 66, 45, 53, 53, 46, 36, 35, 30, 0]"""
j10,1,reactive,600,True,34,0.07181954383850098,0.0010037422180175781,"[0, 0, 0, 1, 1, 11, 15, 15, 25, 15, 11, 0, 0, 0, 0, 0, 0, 0, 0, 0, 69]","[0, 1, 1, 10, 10, 4, 10, 7, 9, 5, 6, 70, 66, 45, 53, 53, 46, 36, 35, 30, 0]"
