instance_folder,noise_factor,method,time_limit,feasibility,obj,time_offline,time_online,start_times,real_durations
j10,1,proactive_quantile_0.25,600,False,inf,0.07453608512878418,inf,"[0, 0, 0, 0, 0, 0, 4, 2, 8, 2, 2, 0, 0, 0, 0, 0, 0, 0, 0, 0, 69]","""[0, 1, 1, 1, 1, 3, 5, 2, 7, 3, 4, 70, 66, 45, 53, 53, 46, 36, 35, 30, 0]"""
j10,1,stnu,600,False,inf,0.4313833713531494,inf,[],"""[0, 4, 7, 1, 8, 4, 8, 7, 8, 4, 6, 70, 66, 45, 53, 53, 46, 36, 35, 30, 0]"""
j10,1,proactive_quantile_0.25,600,False,inf,0.04571247100830078,inf,"[0, 0, 0, 0, 0, 0, 4, 2, 8, 2, 2, 0, 0, 0, 0, 0, 0, 0, 0, 0, 69]","""[0, 1, 1, 1, 1, 3, 5, 2, 7, 3, 4, 70, 66, 45, 53, 53, 46, 36, 35, 30, 0]"""
j10,1,stnu,600,False,66,0.43399500846862793,0.007894039154052734,"[0, 0, 0, 0, 1, 2, 5, 5, 15, 5, 1, 0, 0, 0, 0, 0, 0, 0, 0, 0, 22]","""[0, 1, 1, 1, 1, 3, 10, 2, 7, 3, 6, 70, 66, 45, 53, 53, 46, 36, 35, 30, 0]"""
