instance_folder,noise_factor,method,time_limit,feasibility,obj,time_offline,time_online,start_times,real_durations
j10,1,proactive_quantile_0.9,600,False,inf,0.07530808448791504,inf,"[0, 0, 0, 1, 1, 11, 15, 15, 25, 15, 11, 0, 0, 0, 0, 0, 0, 0, 0, 0, 69]","""[0, 2, 1, 7, 12, 4, 11, 8, 11, 3, 8, 70, 66, 45, 53, 53, 46, 36, 35, 30, 0]"""
j10,1,proactive_quantile_0.9,600,False,inf,0.06978416442871094,inf,"[0, 0, 0, 1, 1, 11, 15, 15, 25, 15, 11, 0, 0, 0, 0, 0, 0, 0, 0, 0, 69]","""[0, 2, 1, 7, 10, 4, 13, 5, 11, 3, 4, 70, 66, 45, 53, 53, 46, 36, 35, 30, 0]"""
j10,1,reactive,600,False,inf,inf,inf,null,"[0, 2, 1, 7, 10, 4, 13, 5, 11, 3, 4, 70, 66, 45, 53, 53, 46, 36, 35, 30, 0]"
j10,1,stnu,600,True,19,0.4787280559539795,0.008963823318481445,"[0, 0, 0, 4, 2, 4, 8, 8, 13, 8, 8, 0, 0, 0, 0, 0, 0, 0, 0, 0, 19]","""[0, 2, 1, 1, 2, 4, 2, 1, 6, 3, 5, 70, 66, 45, 53, 53, 46, 36, 35, 30, 0]"""
j10,1,proactive_quantile_0.9,600,False,inf,0.08876276016235352,inf,"[0, 0, 0, 2, 1, 2, 6, 6, 11, 6, 6, 0, 0, 0, 0, 0, 0, 0, 0, 0, 69]","""[0, 2, 1, 1, 2, 6, 3, 3, 8, 6, 3, 70, 66, 45, 53, 53, 46, 36, 35, 30, 0]"""
j10,1,reactive,600,False,inf,inf,inf,null,"[0, 2, 1, 1, 2, 6, 3, 3, 8, 6, 3, 70, 66, 45, 53, 53, 46, 36, 35, 30, 0]"
j10,1,stnu,600,True,24,0.6043837070465088,0.008975982666015625,"[0, 0, 0, 4, 2, 4, 10, 10, 16, 10, 10, 0, 0, 0, 0, 0, 0, 0, 0, 0, 24]","""[0, 2, 1, 1, 2, 6, 3, 3, 8, 6, 3, 70, 66, 45, 53, 53, 46, 36, 35, 30, 0]"""
j10,1,proactive_quantile_0.9,600,False,inf,0.058843135833740234,inf,"[0, 0, 0, 2, 1, 2, 6, 6, 11, 6, 6, 0, 0, 0, 0, 0, 0, 0, 0, 0, 69]","""[0, 1, 1, 1, 1, 6, 2, 3, 9, 3, 4, 70, 66, 45, 53, 53, 46, 36, 35, 30, 0]"""
j10,1,reactive,600,False,inf,inf,inf,null,"[0, 1, 1, 1, 1, 6, 2, 3, 9, 3, 4, 70, 66, 45, 53, 53, 46, 36, 35, 30, 0]"
