instance_folder,noise_factor,method,time_limit,feasibility,obj,time_offline,time_online,start_times,real_durations
j10,1,proactive_quantile_0.9,600,False,inf,0.07086300849914551,inf,"[0, 0, 0, 2, 1, 2, 6, 6, 11, 6, 6, 0, 0, 0, 0, 0, 0, 0, 0, 0, 69]","""[0, 1, 1, 1, 1, 6, 7, 3, 6, 4, 4, 70, 66, 45, 53, 53, 46, 36, 35, 30, 0]"""
j10,1,reactive,600,False,inf,inf,inf,null,"[0, 1, 1, 1, 1, 6, 7, 3, 6, 4, 4, 70, 66, 45, 53, 53, 46, 36, 35, 30, 0]"
j10,1,stnu,600,True,21,0.4872019290924072,0.008975982666015625,"[0, 0, 0, 2, 1, 2, 8, 8, 15, 8, 8, 0, 0, 0, 0, 0, 0, 0, 0, 0, 21]","""[0, 1, 1, 1, 1, 6, 7, 3, 6, 4, 4, 70, 66, 45, 53, 53, 46, 36, 35, 30, 0]"""
j10,1,proactive_quantile_0.9,600,True,34,0.0768437385559082,0.000997304916381836,"[0, 0, 0, 1, 1, 11, 15, 15, 25, 15, 11, 0, 0, 0, 0, 0, 0, 0, 0, 0, 69]","""[0, 1, 1, 8, 8, 4, 7, 9, 10, 2, 3, 70, 66, 45, 53, 53, 46, 36, 35, 30, 0]"""
