instance_folder,noise_factor,method,time_limit,feasibility,obj,time_offline,time_online,start_times,real_durations
j10,1,proactive_quantile_0.9,600,False,inf,0.0668637752532959,inf,"[0, 0, 0, 2, 1, 2, 6, 6, 11, 6, 6, 0, 0, 0, 0, 0, 0, 0, 0, 0, 69]","""[0, 2, 1, 2, 1, 2, 4, 2, 5, 4, 3, 70, 66, 45, 53, 15, 50, 37, 70, 33, 0]"""
j10,1,reactive,600,False,inf,inf,inf,null,"[0, 2, 1, 2, 1, 2, 4, 2, 5, 4, 3, 70, 66, 45, 53, 15, 50, 37, 70, 33, 0]"
j10,1,stnu,600,True,23,0.41977667808532715,0.007980585098266602,"[0, 0, 0, 1, 5, 6, 9, 9, 17, 14, 7, 0, 0, 0, 0, 0, 0, 0, 0, 0, 23]","""[0, 5, 1, 6, 1, 3, 7, 8, 6, 4, 7, 70, 66, 45, 53, 15, 50, 37, 70, 33, 0]"""
j10,1,proactive_quantile_0.9,600,False,inf,0.06680011749267578,inf,"[0, 0, 0, 12, 1, 9, 17, 14, 25, 25, 14, 0, 0, 0, 0, 0, 0, 0, 0, 0, 69]","""[0, 2, 1, 3, 8, 2, 5, 1, 8, 6, 3, 70, 66, 45, 53, 15, 50, 37, 70, 33, 0]"""
j10,1,reactive,600,False,inf,inf,inf,null,"[0, 2, 1, 3, 8, 2, 5, 1, 8, 6, 3, 70, 66, 45, 53, 15, 50, 37, 70, 33, 0]"
j10,1,stnu,600,True,22,0.535569429397583,0.019979476928710938,"[0, 0, 0, 1, 3, 5, 8, 8, 15, 14, 7, 0, 0, 0, 0, 0, 0, 0, 0, 0, 22]","""[0, 3, 1, 6, 2, 3, 7, 5, 7, 3, 7, 70, 66, 45, 53, 15, 50, 37, 70, 33, 0]"""
j10,1,proactive_quantile_0.9,600,False,inf,0.06283688545227051,inf,"[0, 0, 0, 12, 1, 9, 17, 14, 25, 25, 14, 0, 0, 0, 0, 0, 0, 0, 0, 0, 69]","""[0, 2, 2, 2, 5, 2, 8, 1, 9, 2, 5, 70, 66, 45, 53, 15, 50, 37, 70, 33, 0]"""
j10,1,reactive,600,False,inf,inf,inf,null,"[0, 2, 2, 2, 5, 2, 8, 1, 9, 2, 5, 70, 66, 45, 53, 15, 50, 37, 70, 33, 0]"
