instance_folder,noise_factor,method,time_limit,feasibility,obj,time_offline,time_online,start_times,real_durations
j10,1,proactive_quantile_0.9,600,False,inf,0.08483672142028809,inf,"[0, 0, 0, 1, 1, 11, 15, 15, 25, 15, 11, 0, 0, 0, 0, 0, 0, 0, 0, 0, 69]","""[0, 1, 2, 6, 9, 6, 12, 9, 10, 7, 4, 70, 66, 45, 53, 53, 46, 36, 35, 30, 0]"""
j10,1,reactive,600,False,inf,inf,inf,null,"[0, 1, 2, 6, 9, 6, 12, 9, 10, 7, 4, 70, 66, 45, 53, 53, 46, 36, 35, 30, 0]"
j10,1,stnu,600,True,21,0.5411412715911865,0.009971380233764648,"[0, 0, 0, 3, 2, 3, 9, 9, 16, 9, 9, 0, 0, 0, 0, 0, 0, 0, 0, 0, 21]","""[0, 1, 2, 1, 1, 6, 3, 3, 5, 7, 3, 70, 66, 45, 53, 53, 46, 36, 35, 30, 0]"""
j10,1,proactive_quantile_0.9,600,False,inf,0.06382894515991211,inf,"[0, 0, 0, 2, 1, 2, 6, 6, 11, 6, 6, 0, 0, 0, 0, 0, 0, 0, 0, 0, 69]","""[0, 2, 2, 1, 1, 6, 6, 1, 5, 4, 4, 70, 66, 45, 53, 53, 46, 36, 35, 30, 0]"""
j10,1,reactive,600,False,inf,inf,inf,null,"[0, 2, 2, 1, 1, 6, 6, 1, 5, 4, 4, 70, 66, 45, 53, 53, 46, 36, 35, 30, 0]"
