instance_folder,noise_factor,method,time_limit,feasibility,obj,time_offline,time_online,start_times,real_durations
j10,1,proactive_quantile_0.9,600,True,0,0.07899975776672363,0.000997304916381836,"[0, 0, 0, 1, 1, 11, 15, 15, 25, 15, 11, 0, 0, 0, 0, 0, 0, 0, 0, 0, 69]","""[0, 1, 1, 10, 10, 4, 10, 7, 9, 5, 6, 70, 66, 45, 53, 53, 46, 36, 35, 30, 0]"""
j10,1,reactive,600,True,0,0.07899975776672363,0.0,"[0, 0, 0, 1, 1, 11, 15, 15, 25, 15, 11, 0, 0, 0, 0, 0, 0, 0, 0, 0, 69]","[0, 1, 1, 10, 10, 4, 10, 7, 9, 5, 6, 70, 66, 45, 53, 53, 46, 36, 35, 30, 0]"
j10,1,stnu,600,False,inf,0.4879491329193115,inf,[],"""[0, 1, 1, 2, 1, 3, 5, 2, 7, 5, 6, 70, 66, 45, 53, 53, 46, 36, 35, 30, 0]"""
j10,1,proactive_quantile_0.9,600,True,0,0.07628846168518066,0.0,"[0, 0, 0, 2, 1, 2, 6, 6, 11, 6, 6, 0, 0, 0, 0, 0, 0, 0, 0, 0, 69]","""[0, 1, 1, 1, 1, 4, 5, 2, 7, 5, 4, 70, 66, 45, 53, 53, 46, 36, 35, 30, 0]"""
j10,1,reactive,600,True,0,0.07628846168518066,0.0,"[0, 0, 0, 2, 1, 2, 6, 6, 11, 6, 6, 0, 0, 0, 0, 0, 0, 0, 0, 0, 69]","[0, 1, 1, 1, 1, 4, 5, 2, 7, 5, 4, 70, 66, 45, 53, 53, 46, 36, 35, 30, 0]"
j10,1,stnu,600,False,inf,0.43643832206726074,inf,[],"""[0, 1, 1, 2, 1, 4, 10, 7, 9, 4, 6, 70, 66, 45, 53, 53, 46, 36, 35, 30, 0]"""
j10,1,proactive_quantile_0.9,600,True,0,0.05368828773498535,0.0009965896606445312,"[0, 0, 0, 2, 1, 2, 6, 6, 11, 6, 6, 0, 0, 0, 0, 0, 0, 0, 0, 0, 69]","""[0, 1, 1, 1, 1, 4, 5, 2, 7, 5, 4, 70, 66, 45, 53, 53, 46, 36, 35, 30, 0]"""
j10,1,reactive,600,True,0,0.05368828773498535,0.001081228256225586,"[0, 0, 0, 2, 1, 2, 6, 6, 11, 6, 6, 0, 0, 0, 0, 0, 0, 0, 0, 0, 69]","[0, 1, 1, 1, 1, 4, 5, 2, 7, 5, 4, 70, 66, 45, 53, 53, 46, 36, 35, 30, 0]"
