instance_folder,noise_factor,method,time_limit,feasibility,obj,time_offline,time_online,start_times,real_durations
j10,1,proactive_quantile_0.5,600,False,inf,0.07326769828796387,inf,"[0, 0, 0, 1, 1, 11, 15, 15, 25, 15, 11, 0, 0, 0, 0, 0, 0, 0, 0, 0, 69]","""[0, 2, 2, 6, 13, 4, 10, 8, 11, 7, 6, 70, 66, 45, 53, 53, 46, 36, 35, 30, 0]"""
j10,1,reactive,600,False,inf,inf,inf,null,"[0, 2, 2, 6, 13, 4, 10, 8, 11, 7, 6, 70, 66, 45, 53, 53, 46, 36, 35, 30, 0]"
j10,1,stnu,600,True,23,0.5347146987915039,0.013962984085083008,"[0, 0, 0, 3, 2, 3, 7, 7, 14, 7, 7, 0, 0, 0, 0, 0, 0, 0, 0, 0, 23]","""[0, 2, 2, 1, 1, 4, 4, 2, 9, 7, 3, 70, 66, 45, 53, 53, 46, 36, 35, 30, 0]"""
j10,1,proactive_quantile_0.5,600,False,inf,0.06492209434509277,inf,"[0, 0, 0, 1, 1, 11, 15, 15, 25, 15, 11, 0, 0, 0, 0, 0, 0, 0, 0, 0, 69]","""[0, 1, 1, 12, 9, 3, 12, 7, 7, 4, 3, 70, 66, 45, 53, 53, 46, 36, 35, 30, 0]"""
j10,1,reactive,600,False,inf,inf,inf,null,"[0, 1, 1, 12, 9, 3, 12, 7, 7, 4, 3, 70, 66, 45, 53, 53, 46, 36, 35, 30, 0]"
j10,1,stnu,600,True,19,0.8276042938232422,0.0498661994934082,"[0, 0, 0, 2, 1, 2, 5, 5, 12, 5, 5, 0, 0, 0, 0, 0, 0, 0, 0, 0, 19]","""[0, 1, 1, 1, 1, 3, 7, 1, 7, 4, 5, 70, 66, 45, 53, 53, 46, 36, 35, 30, 0]"""
j10,1,proactive_quantile_0.5,600,False,inf,0.06905150413513184,inf,"[0, 0, 0, 2, 1, 2, 6, 6, 11, 6, 6, 0, 0, 0, 0, 0, 0, 0, 0, 0, 69]","""[0, 2, 1, 1, 2, 6, 2, 3, 5, 7, 5, 70, 66, 45, 53, 53, 46, 36, 35, 30, 0]"""
j10,1,reactive,600,False,inf,inf,inf,null,"[0, 2, 1, 1, 2, 6, 2, 3, 5, 7, 5, 70, 66, 45, 53, 53, 46, 36, 35, 30, 0]"
