instance_folder,noise_factor,method,time_limit,feasibility,obj,time_offline,time_online,start_times,real_durations
j10,1,proactive_quantile_0.9,600,False,inf,0.07987213134765625,inf,"[0, 0, 0, 1, 1, 11, 15, 15, 25, 15, 11, 0, 0, 0, 0, 0, 0, 0, 0, 0, 69]","""[0, 2, 2, 10, 10, 2, 11, 7, 12, 6, 8, 70, 66, 45, 53, 53, 46, 36, 35, 30, 0]"""
j10,1,proactive_quantile_0.9,600,False,inf,0.08243417739868164,inf,"[0, 0, 0, 2, 1, 2, 6, 6, 11, 6, 6, 0, 0, 0, 0, 0, 0, 0, 0, 0, 69]","""[0, 2, 2, 2, 2, 3, 7, 1, 8, 3, 6, 70, 66, 45, 53, 53, 46, 36, 35, 30, 0]"""
j10,1,reactive,600,False,inf,inf,inf,null,"[0, 2, 2, 2, 2, 3, 7, 1, 8, 3, 6, 70, 66, 45, 53, 53, 46, 36, 35, 30, 0]"
j10,1,stnu,600,True,22,0.4562368392944336,0.008975982666015625,"[0, 0, 0, 4, 2, 4, 7, 7, 14, 7, 7, 0, 0, 0, 0, 0, 0, 0, 0, 0, 22]","""[0, 2, 2, 2, 2, 3, 7, 1, 8, 3, 6, 70, 66, 45, 53, 53, 46, 36, 35, 30, 0]"""
j10,1,proactive_quantile_0.9,600,False,inf,0.0688161849975586,inf,"[0, 0, 0, 1, 1, 11, 15, 15, 25, 15, 11, 0, 0, 0, 0, 0, 0, 0, 0, 0, 69]","""[0, 2, 1, 12, 6, 2, 7, 4, 7, 3, 6, 70, 66, 45, 53, 53, 46, 36, 35, 30, 0]"""
j10,1,reactive,600,False,inf,inf,inf,null,"[0, 2, 1, 12, 6, 2, 7, 4, 7, 3, 6, 70, 66, 45, 53, 53, 46, 36, 35, 30, 0]"
