instance_folder,noise_factor,method,time_limit,feasibility,obj,time_offline,time_online,start_times,real_durations
j10,1,proactive_quantile_0.9,600,False,inf,0.0797882080078125,inf,"[0, 0, 0, 2, 1, 2, 6, 6, 11, 6, 6, 0, 0, 0, 0, 0, 0, 0, 0, 0, 69]","""[0, 2, 1, 2, 1, 5, 3, 2, 7, 6, 5, 70, 66, 45, 53, 53, 46, 36, 35, 30, 0]"""
j10,1,reactive,600,False,inf,inf,inf,null,"[0, 2, 1, 2, 1, 5, 3, 2, 7, 6, 5, 70, 66, 45, 53, 53, 46, 36, 35, 30, 0]"
j10,1,stnu,600,True,21,0.8247144222259521,0.014958381652832031,"[0, 0, 0, 3, 2, 3, 8, 8, 14, 8, 8, 0, 0, 0, 0, 0, 0, 0, 0, 0, 21]","""[0, 2, 1, 2, 1, 5, 3, 2, 7, 6, 5, 70, 66, 45, 53, 53, 46, 36, 35, 30, 0]"""
j10,1,proactive_quantile_0.9,600,False,inf,0.06881546974182129,inf,"[0, 0, 0, 2, 1, 2, 6, 6, 11, 6, 6, 0, 0, 0, 0, 0, 0, 0, 0, 0, 69]","""[0, 2, 2, 1, 1, 5, 6, 2, 9, 7, 6, 70, 66, 45, 53, 53, 46, 36, 35, 30, 0]"""
j10,1,reactive,600,False,inf,inf,inf,null,"[0, 2, 2, 1, 1, 5, 6, 2, 9, 7, 6, 70, 66, 45, 53, 53, 46, 36, 35, 30, 0]"
j10,1,stnu,600,True,24,0.7420163154602051,0.031914472579956055,"[0, 0, 0, 3, 2, 3, 8, 8, 15, 8, 8, 0, 0, 0, 0, 0, 0, 0, 0, 0, 24]","""[0, 2, 2, 1, 1, 5, 6, 2, 9, 7, 6, 70, 66, 45, 53, 53, 46, 36, 35, 30, 0]"""
j10,1,proactive_quantile_0.9,600,True,18,0.057039499282836914,0.0009975433349609375,"[0, 0, 0, 2, 1, 2, 6, 6, 11, 6, 6, 0, 0, 0, 0, 0, 0, 0, 0, 0, 69]","""[0, 1, 1, 2, 1, 3, 2, 2, 8, 6, 3, 70, 66, 45, 53, 53, 46, 36, 35, 30, 0]"""
