instance_folder,noise_factor,method,time_limit,feasibility,obj,time_offline,time_online,start_times,real_durations
j10,1,proactive_quantile_0.9,600,False,inf,0.07882833480834961,inf,"[0, 0, 0, 2, 1, 2, 6, 6, 11, 6, 6, 0, 0, 0, 0, 0, 0, 0, 0, 0, 69]","""[0, 2, 2, 2, 1, 4, 2, 2, 6, 5, 6, 70, 66, 45, 53, 53, 46, 36, 35, 30, 0]"""
j10,1,reactive,600,False,inf,inf,inf,null,"[0, 2, 2, 2, 1, 4, 2, 2, 6, 5, 6, 70, 66, 45, 53, 53, 46, 36, 35, 30, 0]"
j10,1,stnu,600,True,19,0.4572288990020752,0.008976221084594727,"[0, 0, 0, 3, 2, 3, 7, 7, 13, 7, 7, 0, 0, 0, 0, 0, 0, 0, 0, 0, 19]","""[0, 2, 2, 2, 1, 4, 2, 2, 6, 5, 6, 70, 66, 45, 53, 53, 46, 36, 35, 30, 0]"""
j10,1,proactive_quantile_0.9,600,False,inf,0.07280707359313965,inf,"[0, 0, 0, 1, 1, 11, 15, 15, 25, 15, 11, 0, 0, 0, 0, 0, 0, 0, 0, 0, 69]","""[0, 1, 1, 9, 9, 6, 13, 4, 11, 6, 8, 70, 66, 45, 53, 53, 46, 36, 35, 30, 0]"""
j10,1,reactive,600,False,inf,inf,inf,null,"[0, 1, 1, 9, 9, 6, 13, 4, 11, 6, 8, 70, 66, 45, 53, 53, 46, 36, 35, 30, 0]"
j10,1,stnu,600,True,20,0.5694780349731445,0.009971857070922852,"[0, 0, 0, 3, 1, 3, 9, 9, 16, 16, 9, 0, 0, 0, 0, 0, 0, 0, 0, 0, 20]","""[0, 1, 1, 2, 2, 6, 7, 1, 4, 2, 2, 70, 66, 45, 53, 53, 46, 36, 35, 30, 0]"""
j10,1,proactive_quantile_0.9,600,False,inf,0.0578465461730957,inf,"[0, 0, 0, 1, 1, 11, 15, 15, 25, 15, 11, 0, 0, 0, 0, 0, 0, 0, 0, 0, 69]","""[0, 2, 1, 8, 6, 3, 9, 6, 9, 5, 5, 70, 66, 45, 53, 53, 46, 36, 35, 30, 0]"""
j10,1,reactive,600,False,inf,inf,inf,null,"[0, 2, 1, 8, 6, 3, 9, 6, 9, 5, 5, 70, 66, 45, 53, 53, 46, 36, 35, 30, 0]"
