instance_folder,noise_factor,method,time_limit,feasibility,obj,time_offline,time_online,start_times,real_durations
j10,1,proactive_quantile_0.9,600,False,inf,0.08292818069458008,inf,"[0, 0, 0, 2, 1, 2, 6, 6, 11, 6, 6, 0, 0, 0, 0, 0, 0, 0, 0, 0, 69]","""[0, 2, 2, 1, 1, 6, 6, 1, 5, 2, 5, 70, 66, 45, 53, 15, 50, 37, 70, 33, 0]"""
j10,1,reactive,600,False,inf,inf,inf,null,"[0, 2, 2, 1, 1, 6, 6, 1, 5, 2, 5, 70, 66, 45, 53, 15, 50, 37, 70, 33, 0]"
j10,1,stnu,600,True,32,0.42105770111083984,0.00797891616821289,"[0, 0, 0, 2, 4, 5, 14, 9, 26, 19, 14, 0, 0, 0, 0, 0, 0, 0, 0, 0, 32]","""[0, 4, 2, 12, 1, 4, 12, 6, 6, 2, 5, 70, 66, 45, 53, 15, 50, 37, 70, 33, 0]"""
j10,1,proactive_quantile_0.9,600,False,inf,0.06676316261291504,inf,"[0, 0, 0, 12, 1, 9, 17, 14, 25, 25, 14, 0, 0, 0, 0, 0, 0, 0, 0, 0, 69]","""[0, 2, 1, 2, 7, 1, 10, 3, 7, 6, 4, 70, 66, 45, 53, 15, 50, 37, 70, 33, 0]"""
j10,1,reactive,600,False,inf,inf,inf,null,"[0, 2, 1, 2, 7, 1, 10, 3, 7, 6, 4, 70, 66, 45, 53, 15, 50, 37, 70, 33, 0]"
j10,1,stnu,600,True,27,0.5286076068878174,0.008829116821289062,"[0, 0, 0, 1, 5, 7, 13, 10, 20, 16, 13, 0, 0, 0, 0, 0, 0, 0, 0, 0, 27]","""[0, 5, 1, 12, 2, 3, 7, 8, 7, 3, 3, 70, 66, 45, 53, 15, 50, 37, 70, 33, 0]"""
j10,1,proactive_quantile_0.9,600,False,inf,0.06490564346313477,inf,"[0, 0, 0, 12, 1, 9, 17, 14, 25, 25, 14, 0, 0, 0, 0, 0, 0, 0, 0, 0, 69]","""[0, 1, 2, 1, 9, 1, 10, 4, 7, 3, 2, 70, 66, 45, 53, 15, 50, 37, 70, 33, 0]"""
j10,1,reactive,600,False,inf,inf,inf,null,"[0, 1, 2, 1, 9, 1, 10, 4, 7, 3, 2, 70, 66, 45, 53, 15, 50, 37, 70, 33, 0]"
