instance_folder,noise_factor,method,time_limit,feasibility,obj,time_offline,time_online,start_times,real_durations
j10,1,proactive_quantile_0.9,600,False,inf,0.1413266658782959,inf,"[0, 0, 0, 1, 1, 11, 15, 15, 25, 15, 11, 0, 0, 0, 0, 0, 0, 0, 0, 0, 69]","""[0, 2, 1, 8, 6, 2, 7, 5, 6, 6, 5, 70, 66, 45, 53, 53, 46, 36, 35, 30, 0]"""
j10,1,reactive,600,False,inf,inf,inf,null,"[0, 2, 1, 8, 6, 2, 7, 5, 6, 6, 5, 70, 66, 45, 53, 53, 46, 36, 35, 30, 0]"
j10,1,stnu,600,True,21,0.48610639572143555,0.008979320526123047,"[0, 0, 0, 4, 2, 4, 6, 6, 12, 6, 6, 0, 0, 0, 0, 0, 0, 0, 0, 0, 21]","""[0, 2, 1, 1, 2, 2, 4, 3, 9, 6, 6, 70, 66, 45, 53, 53, 46, 36, 35, 30, 0]"""
j10,1,proactive_quantile_0.9,600,False,inf,0.06569981575012207,inf,"[0, 0, 0, 2, 1, 2, 6, 6, 11, 6, 6, 0, 0, 0, 0, 0, 0, 0, 0, 0, 69]","""[0, 2, 1, 2, 2, 4, 5, 3, 8, 2, 4, 70, 66, 45, 53, 53, 46, 36, 35, 30, 0]"""
j10,1,reactive,600,False,inf,inf,inf,null,"[0, 2, 1, 2, 2, 4, 5, 3, 8, 2, 4, 70, 66, 45, 53, 53, 46, 36, 35, 30, 0]"
