instance_folder,noise_factor,method,time_limit,feasibility,obj,time_offline,time_online,start_times,real_durations
j20,1,proactive_robust,600,True,40,0.10571002960205078,0.0009992122650146484,"[0, 3, 0, 0, 3, 5, 3, 9, 3, 11, 9, 9, 17, 17, 3, 9, 23, 20, 36, 26, 26, 0, 0, 0, 0, 0, 0, 0, 0, 139]","""[0, 5, 3, 1, 1, 1, 6, 1, 3, 7, 2, 6, 3, 3, 4, 6, 12, 4, 4, 3, 3, 40, 91, 103, 139, 83, 42, 46, 24, 0]"""
j20,1,reactive,600,True,39,0.10571002960205078,0.4535939693450928,"[0, 3, 0, 0, 3, 5, 3, 9, 3, 11, 9, 9, 17, 17, 3, 9, 23, 20, 35, 26, 26, 0, 0, 0, 0, 0, 0, 0, 0, 39]","[0, 5, 3, 1, 1, 1, 6, 1, 3, 7, 2, 6, 3, 3, 4, 6, 12, 4, 4, 3, 3, 40, 91, 103, 139, 83, 42, 46, 24, 0]"
j20,1,stnu,600,True,34,0.5598077774047852,0.019962549209594727,"[0, 3, 0, 0, 3, 4, 3, 8, 3, 9, 9, 9, 15, 15, 1, 6, 18, 18, 30, 22, 22, 0, 0, 0, 0, 0, 0, 0, 0, 34]","""[0, 5, 3, 1, 1, 1, 6, 1, 3, 7, 2, 6, 3, 3, 4, 6, 12, 4, 4, 3, 3, 40, 91, 103, 139, 83, 42, 46, 24, 0]"""
j20,1,proactive_robust,600,True,40,0.21941351890563965,0.0029921531677246094,"[0, 3, 0, 0, 3, 5, 3, 9, 3, 11, 9, 9, 17, 17, 3, 9, 23, 20, 36, 26, 26, 0, 0, 0, 0, 0, 0, 0, 0, 139]","""[0, 5, 1, 1, 2, 2, 5, 1, 1, 9, 7, 5, 3, 3, 3, 2, 12, 6, 2, 3, 1, 40, 91, 103, 139, 83, 42, 46, 24, 0]"""
j20,1,reactive,600,True,38,0.21941351890563965,0.6173498630523682,"[0, 3, 0, 0, 3, 5, 3, 9, 3, 11, 9, 9, 17, 17, 3, 9, 23, 20, 36, 26, 26, 0, 0, 0, 0, 0, 0, 0, 0, 38]","[0, 5, 1, 1, 2, 2, 5, 1, 1, 9, 7, 5, 3, 3, 3, 2, 12, 6, 2, 3, 1, 40, 91, 103, 139, 83, 42, 46, 24, 0]"
j20,1,stnu,600,True,30,0.6593289375305176,0.021959304809570312,"[0, 1, 0, 0, 1, 3, 1, 6, 1, 7, 6, 6, 13, 13, 1, 5, 16, 16, 28, 22, 22, 0, 0, 0, 0, 0, 0, 0, 0, 30]","""[0, 5, 1, 1, 2, 2, 5, 1, 1, 9, 7, 5, 3, 3, 3, 2, 12, 6, 2, 3, 1, 40, 91, 103, 139, 83, 42, 46, 24, 0]"""
j20,1,proactive_robust,600,True,40,0.1568303108215332,0.0019948482513427734,"[0, 3, 0, 0, 3, 5, 3, 9, 3, 11, 9, 9, 17, 17, 3, 9, 23, 20, 36, 26, 26, 0, 0, 0, 0, 0, 0, 0, 0, 139]","""[0, 6, 3, 1, 2, 4, 6, 2, 2, 8, 3, 6, 6, 1, 5, 4, 9, 5, 1, 3, 2, 40, 91, 103, 139, 83, 42, 46, 24, 0]"""
j20,1,reactive,600,True,33,0.1568303108215332,0.443756103515625,"[0, 3, 0, 0, 3, 5, 3, 9, 3, 11, 9, 9, 17, 17, 3, 9, 23, 20, 32, 26, 26, 0, 0, 0, 0, 0, 0, 0, 0, 33]","[0, 6, 3, 1, 2, 4, 6, 2, 2, 8, 3, 6, 6, 1, 5, 4, 9, 5, 1, 3, 2, 40, 91, 103, 139, 83, 42, 46, 24, 0]"
