instance_folder,noise_factor,method,time_limit,feasibility,obj,time_offline,time_online,start_times,real_durations
j10,1,proactive_robust,600,True,34,0.07285451889038086,0.0009982585906982422,"[0, 0, 0, 2, 7, 9, 13, 13, 24, 20, 13, 0, 0, 0, 0, 0, 0, 0, 0, 0, 70]","""[0, 4, 1, 7, 1, 4, 8, 5, 8, 7, 3, 70, 66, 45, 53, 15, 50, 37, 70, 33, 0]"""
j10,1,reactive,600,True,27,0.07285451889038086,0.19647455215454102,"[0, 0, 0, 2, 7, 9, 13, 13, 4, 20, 13, 0, 0, 0, 0, 0, 0, 0, 0, 0, 0]","[0, 4, 1, 7, 1, 4, 8, 5, 8, 7, 3, 70, 66, 45, 53, 15, 50, 37, 70, 33, 0]"
