instance_folder,noise_factor,method,time_limit,feasibility,obj,time_offline,time_online,start_times,real_durations
j10,1,proactive_robust,600,True,34,0.06979560852050781,0.000997304916381836,"[0, 0, 0, 2, 7, 9, 13, 13, 24, 20, 13, 0, 0, 0, 0, 0, 0, 0, 0, 0, 70]","""[0, 8, 1, 11, 1, 1, 13, 7, 7, 2, 4, 70, 66, 45, 53, 15, 50, 37, 70, 33, 0]"""
j10,1,reactive,600,False,inf,inf,inf,null,"[0, 8, 1, 11, 1, 1, 13, 7, 7, 2, 4, 70, 66, 45, 53, 15, 50, 37, 70, 33, 0]"
j10,1,stnu,600,True,32,0.436206579208374,0.008956670761108398,"[0, 0, 0, 1, 8, 9, 12, 10, 25, 16, 12, 0, 0, 0, 0, 0, 0, 0, 0, 0, 32]","""[0, 8, 1, 11, 1, 1, 13, 7, 7, 2, 4, 70, 66, 45, 53, 15, 50, 37, 70, 33, 0]"""
j10,1,proactive_robust,600,True,34,0.06582331657409668,0.0009970664978027344,"[0, 0, 0, 2, 7, 9, 13, 13, 24, 20, 13, 0, 0, 0, 0, 0, 0, 0, 0, 0, 70]","""[0, 3, 1, 10, 1, 3, 7, 5, 10, 6, 3, 70, 66, 45, 53, 15, 50, 37, 70, 33, 0]"""
j10,1,reactive,600,False,inf,inf,inf,null,"[0, 3, 1, 10, 1, 3, 7, 5, 10, 6, 3, 70, 66, 45, 53, 15, 50, 37, 70, 33, 0]"
j10,1,stnu,600,True,28,0.4122476577758789,0.007987499237060547,"[0, 0, 0, 1, 3, 4, 11, 7, 18, 14, 11, 0, 0, 0, 0, 0, 0, 0, 0, 0, 28]","""[0, 3, 1, 10, 1, 3, 7, 5, 10, 6, 3, 70, 66, 45, 53, 15, 50, 37, 70, 33, 0]"""
j10,1,proactive_robust,600,False,inf,0.05988025665283203,inf,"[0, 0, 0, 2, 7, 9, 13, 13, 24, 20, 13, 0, 0, 0, 0, 0, 0, 0, 0, 0, 70]","""[0, 5, 2, 13, 2, 1, 10, 6, 11, 5, 7, 70, 66, 45, 53, 15, 50, 37, 70, 33, 0]"""
