instance_folder,noise_factor,method,time_limit,feasibility,obj,time_offline,time_online,start_times,real_durations
j10,1,proactive_quantile_0.9,600,False,inf,0.06582188606262207,inf,"[0, 0, 0, 1, 1, 11, 15, 15, 25, 15, 11, 0, 0, 0, 0, 0, 0, 0, 0, 0, 69]","""[0, 2, 2, 13, 11, 4, 6, 9, 7, 2, 4, 70, 66, 45, 53, 53, 46, 36, 35, 30, 0]"""
j10,1,reactive,600,False,inf,inf,inf,null,"[0, 2, 2, 13, 11, 4, 6, 9, 7, 2, 4, 70, 66, 45, 53, 53, 46, 36, 35, 30, 0]"
j10,1,stnu,600,True,20,0.4602534770965576,0.00895071029663086,"[0, 0, 0, 3, 2, 3, 7, 7, 14, 7, 7, 0, 0, 0, 0, 0, 0, 0, 0, 0, 20]","""[0, 2, 2, 2, 1, 4, 7, 2, 6, 2, 5, 70, 66, 45, 53, 53, 46, 36, 35, 30, 0]"""
j10,1,proactive_quantile_0.9,600,False,inf,0.05687832832336426,inf,"[0, 0, 0, 2, 1, 2, 6, 6, 11, 6, 6, 0, 0, 0, 0, 0, 0, 0, 0, 0, 69]","""[0, 2, 2, 1, 2, 5, 3, 3, 5, 7, 3, 70, 66, 45, 53, 53, 46, 36, 35, 30, 0]"""
j10,1,reactive,600,False,inf,inf,inf,null,"[0, 2, 2, 1, 2, 5, 3, 3, 5, 7, 3, 70, 66, 45, 53, 53, 46, 36, 35, 30, 0]"
j10,1,stnu,600,True,19,0.5854313373565674,0.008975744247436523,"[0, 0, 0, 4, 2, 4, 9, 9, 12, 18, 5, 0, 0, 0, 0, 0, 0, 0, 0, 0, 19]","""[0, 2, 2, 1, 2, 5, 3, 3, 6, 1, 7, 70, 66, 45, 53, 53, 46, 36, 35, 30, 0]"""
j10,1,proactive_quantile_0.9,600,False,inf,0.05285954475402832,inf,"[0, 0, 0, 2, 1, 2, 6, 6, 11, 6, 6, 0, 0, 0, 0, 0, 0, 0, 0, 0, 69]","""[0, 2, 1, 1, 2, 6, 5, 2, 4, 7, 4, 70, 66, 45, 53, 53, 46, 36, 35, 30, 0]"""
j10,1,reactive,600,False,inf,inf,inf,null,"[0, 2, 1, 1, 2, 6, 5, 2, 4, 7, 4, 70, 66, 45, 53, 53, 46, 36, 35, 30, 0]"
